{
  "hash": "c326c0ef",
  "configHash": "0e6fe45c",
  "lockfileHash": "33a73ea1",
  "browserHash": "0bff2806",
  "optimized": {
    "@angular/animations": {
      "src": "../../../../../../node_modules/@angular/animations/fesm2022/animations.mjs",
      "file": "@angular_animations.js",
      "fileHash": "c9f3b3bd",
      "needsInterop": false
    },
    "@angular/common": {
      "src": "../../../../../../node_modules/@angular/common/fesm2022/common.mjs",
      "file": "@angular_common.js",
      "fileHash": "5175560c",
      "needsInterop": false
    },
    "@angular/common/http": {
      "src": "../../../../../../node_modules/@angular/common/fesm2022/http.mjs",
      "file": "@angular_common_http.js",
      "fileHash": "2a9041f3",
      "needsInterop": false
    },
    "@angular/core": {
      "src": "../../../../../../node_modules/@angular/core/fesm2022/core.mjs",
      "file": "@angular_core.js",
      "fileHash": "8ec88abe",
      "needsInterop": false
    },
    "@angular/forms": {
      "src": "../../../../../../node_modules/@angular/forms/fesm2022/forms.mjs",
      "file": "@angular_forms.js",
      "fileHash": "6bd08dc3",
      "needsInterop": false
    },
    "@angular/platform-browser": {
      "src": "../../../../../../node_modules/@angular/platform-browser/fesm2022/platform-browser.mjs",
      "file": "@angular_platform-browser.js",
      "fileHash": "8de8c2f1",
      "needsInterop": false
    },
    "@angular/platform-browser/animations/async": {
      "src": "../../../../../../node_modules/@angular/platform-browser/fesm2022/animations/async.mjs",
      "file": "@angular_platform-browser_animations_async.js",
      "fileHash": "a0996b4d",
      "needsInterop": false
    },
    "@angular/router": {
      "src": "../../../../../../node_modules/@angular/router/fesm2022/router.mjs",
      "file": "@angular_router.js",
      "fileHash": "00b76525",
      "needsInterop": false
    },
    "@primeng/themes": {
      "src": "../../../../../../node_modules/@primeng/themes/index.mjs",
      "file": "@primeng_themes.js",
      "fileHash": "2c89e0d1",
      "needsInterop": false
    },
    "@primeng/themes/aura": {
      "src": "../../../../../../node_modules/@primeng/themes/aura/index.mjs",
      "file": "@primeng_themes_aura.js",
      "fileHash": "0bbb5233",
      "needsInterop": false
    },
    "@primeng/themes/lara": {
      "src": "../../../../../../node_modules/@primeng/themes/lara/index.mjs",
      "file": "@primeng_themes_lara.js",
      "fileHash": "b25c7a90",
      "needsInterop": false
    },
    "@primeng/themes/nora": {
      "src": "../../../../../../node_modules/@primeng/themes/nora/index.mjs",
      "file": "@primeng_themes_nora.js",
      "fileHash": "a7940dac",
      "needsInterop": false
    },
    "primeng/accordion": {
      "src": "../../../../../../node_modules/primeng/fesm2022/primeng-accordion.mjs",
      "file": "primeng_accordion.js",
      "fileHash": "621993c7",
      "needsInterop": false
    },
    "primeng/api": {
      "src": "../../../../../../node_modules/primeng/fesm2022/primeng-api.mjs",
      "file": "primeng_api.js",
      "fileHash": "1e51d101",
      "needsInterop": false
    },
    "primeng/autocomplete": {
      "src": "../../../../../../node_modules/primeng/fesm2022/primeng-autocomplete.mjs",
      "file": "primeng_autocomplete.js",
      "fileHash": "b66fb73b",
      "needsInterop": false
    },
    "primeng/avatar": {
      "src": "../../../../../../node_modules/primeng/fesm2022/primeng-avatar.mjs",
      "file": "primeng_avatar.js",
      "fileHash": "9081b87e",
      "needsInterop": false
    },
    "primeng/avatargroup": {
      "src": "../../../../../../node_modules/primeng/fesm2022/primeng-avatargroup.mjs",
      "file": "primeng_avatargroup.js",
      "fileHash": "38c45646",
      "needsInterop": false
    },
    "primeng/badge": {
      "src": "../../../../../../node_modules/primeng/fesm2022/primeng-badge.mjs",
      "file": "primeng_badge.js",
      "fileHash": "2cc40de4",
      "needsInterop": false
    },
    "primeng/breadcrumb": {
      "src": "../../../../../../node_modules/primeng/fesm2022/primeng-breadcrumb.mjs",
      "file": "primeng_breadcrumb.js",
      "fileHash": "f7efee96",
      "needsInterop": false
    },
    "primeng/button": {
      "src": "../../../../../../node_modules/primeng/fesm2022/primeng-button.mjs",
      "file": "primeng_button.js",
      "fileHash": "6771ec22",
      "needsInterop": false
    },
    "primeng/buttongroup": {
      "src": "../../../../../../node_modules/primeng/fesm2022/primeng-buttongroup.mjs",
      "file": "primeng_buttongroup.js",
      "fileHash": "7ade8d2d",
      "needsInterop": false
    },
    "primeng/card": {
      "src": "../../../../../../node_modules/primeng/fesm2022/primeng-card.mjs",
      "file": "primeng_card.js",
      "fileHash": "68a415aa",
      "needsInterop": false
    },
    "primeng/carousel": {
      "src": "../../../../../../node_modules/primeng/fesm2022/primeng-carousel.mjs",
      "file": "primeng_carousel.js",
      "fileHash": "24c42e88",
      "needsInterop": false
    },
    "primeng/chart": {
      "src": "../../../../../../node_modules/primeng/fesm2022/primeng-chart.mjs",
      "file": "primeng_chart.js",
      "fileHash": "7c9369f2",
      "needsInterop": false
    },
    "primeng/checkbox": {
      "src": "../../../../../../node_modules/primeng/fesm2022/primeng-checkbox.mjs",
      "file": "primeng_checkbox.js",
      "fileHash": "75bdee61",
      "needsInterop": false
    },
    "primeng/chip": {
      "src": "../../../../../../node_modules/primeng/fesm2022/primeng-chip.mjs",
      "file": "primeng_chip.js",
      "fileHash": "b99a2dab",
      "needsInterop": false
    },
    "primeng/colorpicker": {
      "src": "../../../../../../node_modules/primeng/fesm2022/primeng-colorpicker.mjs",
      "file": "primeng_colorpicker.js",
      "fileHash": "1130293d",
      "needsInterop": false
    },
    "primeng/config": {
      "src": "../../../../../../node_modules/primeng/fesm2022/primeng-config.mjs",
      "file": "primeng_config.js",
      "fileHash": "796041d3",
      "needsInterop": false
    },
    "primeng/confirmdialog": {
      "src": "../../../../../../node_modules/primeng/fesm2022/primeng-confirmdialog.mjs",
      "file": "primeng_confirmdialog.js",
      "fileHash": "2505f38c",
      "needsInterop": false
    },
    "primeng/confirmpopup": {
      "src": "../../../../../../node_modules/primeng/fesm2022/primeng-confirmpopup.mjs",
      "file": "primeng_confirmpopup.js",
      "fileHash": "47bbd83d",
      "needsInterop": false
    },
    "primeng/contextmenu": {
      "src": "../../../../../../node_modules/primeng/fesm2022/primeng-contextmenu.mjs",
      "file": "primeng_contextmenu.js",
      "fileHash": "5f31b1c1",
      "needsInterop": false
    },
    "primeng/dataview": {
      "src": "../../../../../../node_modules/primeng/fesm2022/primeng-dataview.mjs",
      "file": "primeng_dataview.js",
      "fileHash": "6e3fce99",
      "needsInterop": false
    },
    "primeng/datepicker": {
      "src": "../../../../../../node_modules/primeng/fesm2022/primeng-datepicker.mjs",
      "file": "primeng_datepicker.js",
      "fileHash": "f9b5441e",
      "needsInterop": false
    },
    "primeng/dialog": {
      "src": "../../../../../../node_modules/primeng/fesm2022/primeng-dialog.mjs",
      "file": "primeng_dialog.js",
      "fileHash": "f49c8fc6",
      "needsInterop": false
    },
    "primeng/divider": {
      "src": "../../../../../../node_modules/primeng/fesm2022/primeng-divider.mjs",
      "file": "primeng_divider.js",
      "fileHash": "2bf42efd",
      "needsInterop": false
    },
    "primeng/drawer": {
      "src": "../../../../../../node_modules/primeng/fesm2022/primeng-drawer.mjs",
      "file": "primeng_drawer.js",
      "fileHash": "d4b5059f",
      "needsInterop": false
    },
    "primeng/fieldset": {
      "src": "../../../../../../node_modules/primeng/fesm2022/primeng-fieldset.mjs",
      "file": "primeng_fieldset.js",
      "fileHash": "b5006969",
      "needsInterop": false
    },
    "primeng/fileupload": {
      "src": "../../../../../../node_modules/primeng/fesm2022/primeng-fileupload.mjs",
      "file": "primeng_fileupload.js",
      "fileHash": "ec2ddfb8",
      "needsInterop": false
    },
    "primeng/floatlabel": {
      "src": "../../../../../../node_modules/primeng/fesm2022/primeng-floatlabel.mjs",
      "file": "primeng_floatlabel.js",
      "fileHash": "ba0a8a9e",
      "needsInterop": false
    },
    "primeng/fluid": {
      "src": "../../../../../../node_modules/primeng/fesm2022/primeng-fluid.mjs",
      "file": "primeng_fluid.js",
      "fileHash": "5eb72ed8",
      "needsInterop": false
    },
    "primeng/galleria": {
      "src": "../../../../../../node_modules/primeng/fesm2022/primeng-galleria.mjs",
      "file": "primeng_galleria.js",
      "fileHash": "88a5a03a",
      "needsInterop": false
    },
    "primeng/iconfield": {
      "src": "../../../../../../node_modules/primeng/fesm2022/primeng-iconfield.mjs",
      "file": "primeng_iconfield.js",
      "fileHash": "b62f1810",
      "needsInterop": false
    },
    "primeng/image": {
      "src": "../../../../../../node_modules/primeng/fesm2022/primeng-image.mjs",
      "file": "primeng_image.js",
      "fileHash": "fa1ea43f",
      "needsInterop": false
    },
    "primeng/inputgroup": {
      "src": "../../../../../../node_modules/primeng/fesm2022/primeng-inputgroup.mjs",
      "file": "primeng_inputgroup.js",
      "fileHash": "9dfc4ce8",
      "needsInterop": false
    },
    "primeng/inputgroupaddon": {
      "src": "../../../../../../node_modules/primeng/fesm2022/primeng-inputgroupaddon.mjs",
      "file": "primeng_inputgroupaddon.js",
      "fileHash": "5959af80",
      "needsInterop": false
    },
    "primeng/inputicon": {
      "src": "../../../../../../node_modules/primeng/fesm2022/primeng-inputicon.mjs",
      "file": "primeng_inputicon.js",
      "fileHash": "9b232dbb",
      "needsInterop": false
    },
    "primeng/inputnumber": {
      "src": "../../../../../../node_modules/primeng/fesm2022/primeng-inputnumber.mjs",
      "file": "primeng_inputnumber.js",
      "fileHash": "4ae87461",
      "needsInterop": false
    },
    "primeng/inputtext": {
      "src": "../../../../../../node_modules/primeng/fesm2022/primeng-inputtext.mjs",
      "file": "primeng_inputtext.js",
      "fileHash": "5c5d7c32",
      "needsInterop": false
    },
    "primeng/knob": {
      "src": "../../../../../../node_modules/primeng/fesm2022/primeng-knob.mjs",
      "file": "primeng_knob.js",
      "fileHash": "1ef3eac4",
      "needsInterop": false
    },
    "primeng/listbox": {
      "src": "../../../../../../node_modules/primeng/fesm2022/primeng-listbox.mjs",
      "file": "primeng_listbox.js",
      "fileHash": "59d340df",
      "needsInterop": false
    },
    "primeng/megamenu": {
      "src": "../../../../../../node_modules/primeng/fesm2022/primeng-megamenu.mjs",
      "file": "primeng_megamenu.js",
      "fileHash": "c8aee141",
      "needsInterop": false
    },
    "primeng/menu": {
      "src": "../../../../../../node_modules/primeng/fesm2022/primeng-menu.mjs",
      "file": "primeng_menu.js",
      "fileHash": "0226fdec",
      "needsInterop": false
    },
    "primeng/menubar": {
      "src": "../../../../../../node_modules/primeng/fesm2022/primeng-menubar.mjs",
      "file": "primeng_menubar.js",
      "fileHash": "9c2fe459",
      "needsInterop": false
    },
    "primeng/message": {
      "src": "../../../../../../node_modules/primeng/fesm2022/primeng-message.mjs",
      "file": "primeng_message.js",
      "fileHash": "eaf00bdc",
      "needsInterop": false
    },
    "primeng/multiselect": {
      "src": "../../../../../../node_modules/primeng/fesm2022/primeng-multiselect.mjs",
      "file": "primeng_multiselect.js",
      "fileHash": "b402eba6",
      "needsInterop": false
    },
    "primeng/orderlist": {
      "src": "../../../../../../node_modules/primeng/fesm2022/primeng-orderlist.mjs",
      "file": "primeng_orderlist.js",
      "fileHash": "ac9f87cc",
      "needsInterop": false
    },
    "primeng/overlaybadge": {
      "src": "../../../../../../node_modules/primeng/fesm2022/primeng-overlaybadge.mjs",
      "file": "primeng_overlaybadge.js",
      "fileHash": "3333f90f",
      "needsInterop": false
    },
    "primeng/panel": {
      "src": "../../../../../../node_modules/primeng/fesm2022/primeng-panel.mjs",
      "file": "primeng_panel.js",
      "fileHash": "f769eaac",
      "needsInterop": false
    },
    "primeng/panelmenu": {
      "src": "../../../../../../node_modules/primeng/fesm2022/primeng-panelmenu.mjs",
      "file": "primeng_panelmenu.js",
      "fileHash": "f2cb1bb1",
      "needsInterop": false
    },
    "primeng/password": {
      "src": "../../../../../../node_modules/primeng/fesm2022/primeng-password.mjs",
      "file": "primeng_password.js",
      "fileHash": "06a506bf",
      "needsInterop": false
    },
    "primeng/picklist": {
      "src": "../../../../../../node_modules/primeng/fesm2022/primeng-picklist.mjs",
      "file": "primeng_picklist.js",
      "fileHash": "e8353da3",
      "needsInterop": false
    },
    "primeng/popover": {
      "src": "../../../../../../node_modules/primeng/fesm2022/primeng-popover.mjs",
      "file": "primeng_popover.js",
      "fileHash": "5794a369",
      "needsInterop": false
    },
    "primeng/progressbar": {
      "src": "../../../../../../node_modules/primeng/fesm2022/primeng-progressbar.mjs",
      "file": "primeng_progressbar.js",
      "fileHash": "bee6850b",
      "needsInterop": false
    },
    "primeng/radiobutton": {
      "src": "../../../../../../node_modules/primeng/fesm2022/primeng-radiobutton.mjs",
      "file": "primeng_radiobutton.js",
      "fileHash": "f69143ef",
      "needsInterop": false
    },
    "primeng/rating": {
      "src": "../../../../../../node_modules/primeng/fesm2022/primeng-rating.mjs",
      "file": "primeng_rating.js",
      "fileHash": "a533d7b2",
      "needsInterop": false
    },
    "primeng/ripple": {
      "src": "../../../../../../node_modules/primeng/fesm2022/primeng-ripple.mjs",
      "file": "primeng_ripple.js",
      "fileHash": "bdd27b67",
      "needsInterop": false
    },
    "primeng/scrollpanel": {
      "src": "../../../../../../node_modules/primeng/fesm2022/primeng-scrollpanel.mjs",
      "file": "primeng_scrollpanel.js",
      "fileHash": "5107e402",
      "needsInterop": false
    },
    "primeng/scrolltop": {
      "src": "../../../../../../node_modules/primeng/fesm2022/primeng-scrolltop.mjs",
      "file": "primeng_scrolltop.js",
      "fileHash": "c3972ef8",
      "needsInterop": false
    },
    "primeng/select": {
      "src": "../../../../../../node_modules/primeng/fesm2022/primeng-select.mjs",
      "file": "primeng_select.js",
      "fileHash": "ea9ee830",
      "needsInterop": false
    },
    "primeng/selectbutton": {
      "src": "../../../../../../node_modules/primeng/fesm2022/primeng-selectbutton.mjs",
      "file": "primeng_selectbutton.js",
      "fileHash": "eba5e9b9",
      "needsInterop": false
    },
    "primeng/skeleton": {
      "src": "../../../../../../node_modules/primeng/fesm2022/primeng-skeleton.mjs",
      "file": "primeng_skeleton.js",
      "fileHash": "a1fb52b1",
      "needsInterop": false
    },
    "primeng/slider": {
      "src": "../../../../../../node_modules/primeng/fesm2022/primeng-slider.mjs",
      "file": "primeng_slider.js",
      "fileHash": "b9ad2ad3",
      "needsInterop": false
    },
    "primeng/splitbutton": {
      "src": "../../../../../../node_modules/primeng/fesm2022/primeng-splitbutton.mjs",
      "file": "primeng_splitbutton.js",
      "fileHash": "a0eff7ff",
      "needsInterop": false
    },
    "primeng/splitter": {
      "src": "../../../../../../node_modules/primeng/fesm2022/primeng-splitter.mjs",
      "file": "primeng_splitter.js",
      "fileHash": "7396fc73",
      "needsInterop": false
    },
    "primeng/stepper": {
      "src": "../../../../../../node_modules/primeng/fesm2022/primeng-stepper.mjs",
      "file": "primeng_stepper.js",
      "fileHash": "1387f8a5",
      "needsInterop": false
    },
    "primeng/styleclass": {
      "src": "../../../../../../node_modules/primeng/fesm2022/primeng-styleclass.mjs",
      "file": "primeng_styleclass.js",
      "fileHash": "d623aec3",
      "needsInterop": false
    },
    "primeng/table": {
      "src": "../../../../../../node_modules/primeng/fesm2022/primeng-table.mjs",
      "file": "primeng_table.js",
      "fileHash": "60ae886c",
      "needsInterop": false
    },
    "primeng/tabs": {
      "src": "../../../../../../node_modules/primeng/fesm2022/primeng-tabs.mjs",
      "file": "primeng_tabs.js",
      "fileHash": "a82cd6bf",
      "needsInterop": false
    },
    "primeng/tag": {
      "src": "../../../../../../node_modules/primeng/fesm2022/primeng-tag.mjs",
      "file": "primeng_tag.js",
      "fileHash": "76a19c3e",
      "needsInterop": false
    },
    "primeng/textarea": {
      "src": "../../../../../../node_modules/primeng/fesm2022/primeng-textarea.mjs",
      "file": "primeng_textarea.js",
      "fileHash": "2c6d3c48",
      "needsInterop": false
    },
    "primeng/tieredmenu": {
      "src": "../../../../../../node_modules/primeng/fesm2022/primeng-tieredmenu.mjs",
      "file": "primeng_tieredmenu.js",
      "fileHash": "f3625862",
      "needsInterop": false
    },
    "primeng/timeline": {
      "src": "../../../../../../node_modules/primeng/fesm2022/primeng-timeline.mjs",
      "file": "primeng_timeline.js",
      "fileHash": "52aee4c9",
      "needsInterop": false
    },
    "primeng/toast": {
      "src": "../../../../../../node_modules/primeng/fesm2022/primeng-toast.mjs",
      "file": "primeng_toast.js",
      "fileHash": "a113573b",
      "needsInterop": false
    },
    "primeng/togglebutton": {
      "src": "../../../../../../node_modules/primeng/fesm2022/primeng-togglebutton.mjs",
      "file": "primeng_togglebutton.js",
      "fileHash": "6ac2dfad",
      "needsInterop": false
    },
    "primeng/toggleswitch": {
      "src": "../../../../../../node_modules/primeng/fesm2022/primeng-toggleswitch.mjs",
      "file": "primeng_toggleswitch.js",
      "fileHash": "b232b4df",
      "needsInterop": false
    },
    "primeng/toolbar": {
      "src": "../../../../../../node_modules/primeng/fesm2022/primeng-toolbar.mjs",
      "file": "primeng_toolbar.js",
      "fileHash": "18f1bab1",
      "needsInterop": false
    },
    "primeng/tooltip": {
      "src": "../../../../../../node_modules/primeng/fesm2022/primeng-tooltip.mjs",
      "file": "primeng_tooltip.js",
      "fileHash": "81cb1061",
      "needsInterop": false
    },
    "primeng/tree": {
      "src": "../../../../../../node_modules/primeng/fesm2022/primeng-tree.mjs",
      "file": "primeng_tree.js",
      "fileHash": "d8894663",
      "needsInterop": false
    },
    "primeng/treeselect": {
      "src": "../../../../../../node_modules/primeng/fesm2022/primeng-treeselect.mjs",
      "file": "primeng_treeselect.js",
      "fileHash": "4e33d4cb",
      "needsInterop": false
    },
    "primeng/treetable": {
      "src": "../../../../../../node_modules/primeng/fesm2022/primeng-treetable.mjs",
      "file": "primeng_treetable.js",
      "fileHash": "34bd3aa2",
      "needsInterop": false
    },
    "rxjs": {
      "src": "../../../../../../node_modules/rxjs/dist/esm5/index.js",
      "file": "rxjs.js",
      "fileHash": "b820ee35",
      "needsInterop": false
    },
    "rxjs/operators": {
      "src": "../../../../../../node_modules/rxjs/dist/esm5/operators/index.js",
      "file": "rxjs_operators.js",
      "fileHash": "92fe9c62",
      "needsInterop": false
    },
    "badwords-list": {
      "src": "../../../../../../node_modules/badwords-list/dist/index.js",
      "file": "badwords-list.js",
      "fileHash": "0a8b3f85",
      "needsInterop": false
    },
    "french-badwords-list": {
      "src": "../../../../../../node_modules/french-badwords-list/dist/index.js",
      "file": "french-badwords-list.js",
      "fileHash": "0679561c",
      "needsInterop": true
    }
  },
  "chunks": {
    "browser-GJSGXV7N": {
      "file": "browser-GJSGXV7N.js"
    },
    "chunk-3ARTZLC4": {
      "file": "chunk-3ARTZLC4.js"
    },
    "chunk-PLFMFEJN": {
      "file": "chunk-PLFMFEJN.js"
    },
    "chunk-VHIWK6YJ": {
      "file": "chunk-VHIWK6YJ.js"
    },
    "chunk-MXQHGRBJ": {
      "file": "chunk-MXQHGRBJ.js"
    },
    "chunk-ZYP2PM2I": {
      "file": "chunk-ZYP2PM2I.js"
    },
    "chunk-AQDURDXY": {
      "file": "chunk-AQDURDXY.js"
    },
    "chunk-LSV3C4JB": {
      "file": "chunk-LSV3C4JB.js"
    },
    "chunk-3I3ON4IH": {
      "file": "chunk-3I3ON4IH.js"
    },
    "chunk-4BRYP6IL": {
      "file": "chunk-4BRYP6IL.js"
    },
    "chunk-SRH6VXEO": {
      "file": "chunk-SRH6VXEO.js"
    },
    "chunk-RAYKQV2K": {
      "file": "chunk-RAYKQV2K.js"
    },
    "chunk-76RNIDTA": {
      "file": "chunk-76RNIDTA.js"
    },
    "chunk-BAG2UI53": {
      "file": "chunk-BAG2UI53.js"
    },
    "chunk-QPYCUTJG": {
      "file": "chunk-QPYCUTJG.js"
    },
    "chunk-JUNHGXJK": {
      "file": "chunk-JUNHGXJK.js"
    },
    "chunk-SXEM6UQT": {
      "file": "chunk-SXEM6UQT.js"
    },
    "chunk-3Z7ATZC6": {
      "file": "chunk-3Z7ATZC6.js"
    },
    "chunk-O3QJ2EK5": {
      "file": "chunk-O3QJ2EK5.js"
    },
    "chunk-K3FEQX7W": {
      "file": "chunk-K3FEQX7W.js"
    },
    "chunk-DG54LMDD": {
      "file": "chunk-DG54LMDD.js"
    },
    "chunk-EQEZ5LJQ": {
      "file": "chunk-EQEZ5LJQ.js"
    },
    "chunk-TIJ2MSDV": {
      "file": "chunk-TIJ2MSDV.js"
    },
    "chunk-PRL3O47O": {
      "file": "chunk-PRL3O47O.js"
    },
    "chunk-Z5CC7JRX": {
      "file": "chunk-Z5CC7JRX.js"
    },
    "chunk-NTNLRCQC": {
      "file": "chunk-NTNLRCQC.js"
    },
    "chunk-DI2AMJ7U": {
      "file": "chunk-DI2AMJ7U.js"
    },
    "chunk-5G7WYC4N": {
      "file": "chunk-5G7WYC4N.js"
    },
    "chunk-VSBBM3UU": {
      "file": "chunk-VSBBM3UU.js"
    },
    "chunk-KOUSQTSF": {
      "file": "chunk-KOUSQTSF.js"
    },
    "chunk-7LIJGF2P": {
      "file": "chunk-7LIJGF2P.js"
    },
    "chunk-K7DQEIH6": {
      "file": "chunk-K7DQEIH6.js"
    },
    "chunk-4I733ZM4": {
      "file": "chunk-4I733ZM4.js"
    },
    "chunk-RGJSUHV6": {
      "file": "chunk-RGJSUHV6.js"
    },
    "chunk-M656VMEZ": {
      "file": "chunk-M656VMEZ.js"
    },
    "chunk-ITKLJM62": {
      "file": "chunk-ITKLJM62.js"
    },
    "chunk-2FRJC6JJ": {
      "file": "chunk-2FRJC6JJ.js"
    },
    "chunk-GFVF2TMO": {
      "file": "chunk-GFVF2TMO.js"
    },
    "chunk-AWYL7S6O": {
      "file": "chunk-AWYL7S6O.js"
    },
    "chunk-4QKMOSD7": {
      "file": "chunk-4QKMOSD7.js"
    },
    "chunk-EI66AYUA": {
      "file": "chunk-EI66AYUA.js"
    },
    "chunk-VY6NIPAV": {
      "file": "chunk-VY6NIPAV.js"
    },
    "chunk-XGVA53LS": {
      "file": "chunk-XGVA53LS.js"
    },
    "chunk-4THGAS2G": {
      "file": "chunk-4THGAS2G.js"
    },
    "chunk-FCPBNRVL": {
      "file": "chunk-FCPBNRVL.js"
    },
    "chunk-5OPE3T2R": {
      "file": "chunk-5OPE3T2R.js"
    },
    "chunk-4N4GOYJH": {
      "file": "chunk-4N4GOYJH.js"
    },
    "chunk-FHTVLBLO": {
      "file": "chunk-FHTVLBLO.js"
    },
    "chunk-3OV72XIM": {
      "file": "chunk-3OV72XIM.js"
    }
  }
}